Component,Origin,License,Copyright
adler2,https://github.com/oyvindln/adler2,0BSD OR MIT OR Apache-2.0,"Jonas Schievink <jonasschievink@gmail.com>, oyvindln <oyvindln@users.noreply.github.com>"
ahash,https://github.com/tkaitchuck/ahash,MIT OR Apache-2.0,Tom Kaitchuck <Tom.Kaitchuck@gmail.com>
aho-corasick,https://github.com/BurntSushi/aho-corasick,Unlicense OR MIT,Andrew Gallant <jamslam@gmail.com>
allocator-api2,https://github.com/zakarumych/allocator-api2,MIT OR Apache-2.0,Zakarum <zaq.dev@icloud.com>
android_system_properties,https://github.com/nical/android_system_properties,MIT OR Apache-2.0,Nicolas Silva <nical@fastmail.com>
annotate-snippets,https://github.com/rust-lang/annotate-snippets-rs,MIT OR Apache-2.0,The annotate-snippets Authors
anstream,https://github.com/rust-cli/anstyle,MIT OR Apache-2.0,The anstream Authors
anstyle,https://github.com/rust-cli/anstyle,MIT OR Apache-2.0,The anstyle Authors
anstyle-parse,https://github.com/rust-cli/anstyle,MIT OR Apache-2.0,The anstyle-parse Authors
anstyle-query,https://github.com/rust-cli/anstyle,MIT OR Apache-2.0,The anstyle-query Authors
anstyle-wincon,https://github.com/rust-cli/anstyle,MIT OR Apache-2.0,The anstyle-wincon Authors
anyhow,https://github.com/dtolnay/anyhow,MIT OR Apache-2.0,David Tolnay <dtolnay@gmail.com>
arraydeque,https://github.com/andylokandy/arraydeque,MIT OR Apache-2.0,andylokandy
async-broadcast,https://github.com/smol-rs/async-broadcast,MIT OR Apache-2.0,"Stjepan Glavina <stjepang@gmail.com>, Yoshua Wuyts <yoshuawuyts@gmail.com>, Zeeshan Ali Khan <zeeshanak@gnome.org>"
async-stream,https://github.com/tokio-rs/async-stream,MIT,Carl Lerche <me@carllerche.com>
async-stream-impl,https://github.com/tokio-rs/async-stream,MIT,Carl Lerche <me@carllerche.com>
async-trait,https://github.com/dtolnay/async-trait,MIT OR Apache-2.0,David Tolnay <dtolnay@gmail.com>
atomic-waker,https://github.com/smol-rs/atomic-waker,Apache-2.0 OR MIT,"Stjepan Glavina <stjepang@gmail.com>, Contributors to futures-rs"
axum,https://github.com/tokio-rs/axum,MIT,The axum Authors
axum-core,https://github.com/tokio-rs/axum,MIT,The axum-core Authors
aya-ebpf,https://github.com/aya-rs/aya,MIT OR Apache-2.0,Aya Contributors
aya-ebpf-bindings,https://github.com/aya-rs/aya,MIT OR Apache-2.0,Aya Contributors
aya-ebpf-cty,https://github.com/aya-rs/aya,MIT OR Apache-2.0,Aya Contributors
aya-ebpf-macros,https://github.com/aya-rs/aya,MIT OR Apache-2.0,Aya Contributors
backon,https://github.com/Xuanwo/backon,Apache-2.0,The backon Authors
base64,https://github.com/marshallpierce/rust-base64,MIT OR Apache-2.0,Marshall Pierce <marshall@mpierce.org>
base64ct,https://github.com/RustCrypto/formats,Apache-2.0 OR MIT,RustCrypto Developers
bitflags,https://github.com/bitflags/bitflags,MIT OR Apache-2.0,The Rust Project Developers
block-buffer,https://github.com/RustCrypto/utils,MIT OR Apache-2.0,RustCrypto Developers
bollard,https://github.com/fussybeaver/bollard,Apache-2.0,Bollard contributors
bollard-stubs,https://github.com/fussybeaver/bollard,Apache-2.0,Bollard contributors
bs58,https://github.com/Nullus157/bs58-rs,MIT OR Apache-2.0,The bs58 Authors
bumpalo,https://github.com/fitzgen/bumpalo,MIT OR Apache-2.0,Nick Fitzgerald <fitzgen@gmail.com>
bytes,https://github.com/tokio-rs/bytes,MIT,"Carl Lerche <me@carllerche.com>, Sean McArthur <sean@seanmonstar.com>"
cfg-if,https://github.com/rust-lang/cfg-if,MIT OR Apache-2.0,Alex Crichton <alex@alexcrichton.com>
chrono,https://github.com/chronotope/chrono,MIT OR Apache-2.0,The chrono Authors
clap,https://github.com/clap-rs/clap,MIT OR Apache-2.0,The clap Authors
clap_builder,https://github.com/clap-rs/clap,MIT OR Apache-2.0,The clap_builder Authors
clap_derive,https://github.com/clap-rs/clap,MIT OR Apache-2.0,The clap_derive Authors
clap_lex,https://github.com/clap-rs/clap,MIT OR Apache-2.0,The clap_lex Authors
colorchoice,https://github.com/rust-cli/anstyle,MIT OR Apache-2.0,The colorchoice Authors
concurrent-queue,https://github.com/smol-rs/concurrent-queue,Apache-2.0 OR MIT,"Stjepan Glavina <stjepang@gmail.com>, Taiki Endo <te316e89@gmail.com>, John Nunley <dev@notgull.net>"
const-oid,https://github.com/RustCrypto/formats/tree/master/const-oid,Apache-2.0 OR MIT,RustCrypto Developers
core-foundation,https://github.com/servo/core-foundation-rs,MIT OR Apache-2.0,The Servo Project Developers
core-foundation-sys,https://github.com/servo/core-foundation-rs,MIT OR Apache-2.0,The Servo Project Developers
cpufeatures,https://github.com/RustCrypto/utils,MIT OR Apache-2.0,RustCrypto Developers
crc32fast,https://github.com/srijs/rust-crc32fast,MIT OR Apache-2.0,"Sam Rijs <srijs@airpost.net>, Alex Crichton <alex@alexcrichton.com>"
crossbeam-deque,https://github.com/crossbeam-rs/crossbeam,MIT OR Apache-2.0,The crossbeam-deque Authors
crossbeam-epoch,https://github.com/crossbeam-rs/crossbeam,MIT OR Apache-2.0,The crossbeam-epoch Authors
crossbeam-utils,https://github.com/crossbeam-rs/crossbeam,MIT OR Apache-2.0,The crossbeam-utils Authors
crypto-common,https://github.com/RustCrypto/traits,MIT OR Apache-2.0,RustCrypto Developers
curve25519-dalek,https://github.com/dalek-cryptography/curve25519-dalek/tree/main/curve25519-dalek,BSD-3-Clause,"Isis Lovecruft <isis@patternsinthevoid.net>, Henry de Valence <hdevalence@hdevalence.ca>"
curve25519-dalek-derive,https://github.com/dalek-cryptography/curve25519-dalek,MIT OR Apache-2.0,The curve25519-dalek-derive Authors
defmt,https://github.com/knurling-rs/defmt,MIT OR Apache-2.0,The Knurling-rs developers
defmt-macros,https://github.com/knurling-rs/defmt,MIT OR Apache-2.0,The Knurling-rs developers
defmt-parser,https://github.com/knurling-rs/defmt,MIT OR Apache-2.0,The Knurling-rs developers
der,https://github.com/RustCrypto/formats/tree/master/der,Apache-2.0 OR MIT,RustCrypto Developers
deranged,https://github.com/jhpratt/deranged,MIT OR Apache-2.0,Jacob Pratt <jacob@jhpratt.dev>
derive_more,https://github.com/JelteF/derive_more,MIT,Jelte Fennema <github-tech@jeltef.nl>
derive_more-impl,https://github.com/JelteF/derive_more,MIT,Jelte Fennema <github-tech@jeltef.nl>
digest,https://github.com/RustCrypto/traits,MIT OR Apache-2.0,RustCrypto Developers
dirs,https://github.com/soc/dirs-rs,MIT OR Apache-2.0,Simon Ochsenreither <simon@ochsenreither.de>
dirs-sys,https://github.com/dirs-dev/dirs-sys-rs,MIT OR Apache-2.0,Simon Ochsenreither <simon@ochsenreither.de>
displaydoc,https://github.com/yaahc/displaydoc,MIT OR Apache-2.0,Jane Lusby <jlusby@yaah.dev>
dyn-clone,https://github.com/dtolnay/dyn-clone,MIT OR Apache-2.0,David Tolnay <dtolnay@gmail.com>
ed25519,https://github.com/RustCrypto/signatures/tree/master/ed25519,Apache-2.0 OR MIT,RustCrypto Developers
ed25519-dalek,https://github.com/dalek-cryptography/curve25519-dalek/tree/main/ed25519-dalek,BSD-3-Clause,"isis lovecruft <isis@patternsinthevoid.net>, Tony Arcieri <bascule@gmail.com>, Michael Rosenberg <michael@mrosenberg.pub>"
educe,https://github.com/magiclen/educe,MIT,Magic Len <len@magiclen.org>
either,https://github.com/rayon-rs/either,MIT OR Apache-2.0,The either Authors
encoding_rs,https://github.com/hsivonen/encoding_rs,(Apache-2.0 OR MIT) AND BSD-3-Clause,Henri Sivonen <hsivonen@hsivonen.fi>
encoding_rs_io,https://github.com/BurntSushi/encoding_rs_io,MIT OR Apache-2.0,Andrew Gallant <jamslam@gmail.com>
enum-ordinalize,https://github.com/magiclen/enum-ordinalize,MIT,The enum-ordinalize Authors
enum-ordinalize-derive,https://github.com/magiclen/enum-ordinalize,MIT,The enum-ordinalize-derive Authors
equivalent,https://github.com/indexmap-rs/equivalent,Apache-2.0 OR MIT,The equivalent Authors
errno,https://github.com/lambda-fairy/rust-errno,MIT OR Apache-2.0,"Chris Wong <lambda.fairy@gmail.com>, Dan Gohman <dev@sunfishcode.online>"
event-listener,https://github.com/smol-rs/event-listener,Apache-2.0 OR MIT,"Stjepan Glavina <stjepang@gmail.com>, John Nunley <dev@notgull.net>"
event-listener-strategy,https://github.com/smol-rs/event-listener-strategy,Apache-2.0 OR MIT,John Nunley <dev@notgull.net>
fallible-iterator,https://github.com/sfackler/rust-fallible-iterator,MIT OR Apache-2.0,Steven Fackler <sfackler@gmail.com>
fallible-streaming-iterator,https://github.com/sfackler/fallible-streaming-iterator,MIT OR Apache-2.0,Steven Fackler <sfackler@gmail.com>
fastrand,https://github.com/smol-rs/fastrand,Apache-2.0 OR MIT,Stjepan Glavina <stjepang@gmail.com>
fiat-crypto,https://github.com/mit-plv/fiat-crypto,MIT OR Apache-2.0 OR BSD-1-Clause,Fiat Crypto library authors <jgross@mit.edu>
flate2,https://github.com/rust-lang/flate2-rs,MIT OR Apache-2.0,"Alex Crichton <alex@alexcrichton.com>, Josh Triplett <josh@joshtriplett.org>"
fnv,https://github.com/servo/rust-fnv,Apache-2.0  OR  MIT,Alex Crichton <alex@alexcrichton.com>
foldhash,https://github.com/orlp/foldhash,Zlib,Orson Peters <orsonpeters@gmail.com>
form_urlencoded,https://github.com/servo/rust-url,MIT OR Apache-2.0,The rust-url developers
futures,https://github.com/rust-lang/futures-rs,MIT OR Apache-2.0,The futures Authors
futures-channel,https://github.com/rust-lang/futures-rs,MIT OR Apache-2.0,The futures-channel Authors
futures-core,https://github.com/rust-lang/futures-rs,MIT OR Apache-2.0,The futures-core Authors
futures-executor,https://github.com/rust-lang/futures-rs,MIT OR Apache-2.0,The futures-executor Authors
futures-io,https://github.com/rust-lang/futures-rs,MIT OR Apache-2.0,The futures-io Authors
futures-macro,https://github.com/rust-lang/futures-rs,MIT OR Apache-2.0,The futures-macro Authors
futures-sink,https://github.com/rust-lang/futures-rs,MIT OR Apache-2.0,The futures-sink Authors
futures-task,https://github.com/rust-lang/futures-rs,MIT OR Apache-2.0,The futures-task Authors
futures-util,https://github.com/rust-lang/futures-rs,MIT OR Apache-2.0,The futures-util Authors
generic-array,https://github.com/fizyk20/generic-array,MIT,"Bartłomiej Kamiński <fizyk20@gmail.com>, Aaron Trent <novacrazy@gmail.com>"
gethostname,https://codeberg.org/swsnr/gethostname.rs,Apache-2.0,Sebastian Wiesner <sebastian@swsnr.de>
getrandom,https://github.com/rust-random/getrandom,MIT OR Apache-2.0,The Rand Project Developers
gloo-timers,https://github.com/rustwasm/gloo/tree/master/crates/timers,MIT OR Apache-2.0,Rust and WebAssembly Working Group
granit-parser,https://github.com/bourumir-wyngs/granit-parser,MIT OR Apache-2.0,"Ethiraric <ethiraric@gmail.com>, David Aguilar <davvid@gmail.com>, Yuheng Chen <yuhengchen@sensetime.com>, Bourumir Wyngs <bourumir-wyngs@gmail.com>"
h2,https://github.com/hyperium/h2,MIT,"Carl Lerche <me@carllerche.com>, Sean McArthur <sean@seanmonstar.com>"
hashbrown,https://github.com/rust-lang/hashbrown,MIT OR Apache-2.0,Amanieu d'Antras <amanieu@gmail.com>
hashbrown,https://github.com/rust-lang/hashbrown,MIT OR Apache-2.0,The hashbrown Authors
hashlink,https://github.com/djc/hashlink,MIT OR Apache-2.0,The hashlink Authors
heck,https://github.com/withoutboats/heck,MIT OR Apache-2.0,The heck Authors
hex,https://github.com/KokaKiwi/rust-hex,MIT OR Apache-2.0,KokaKiwi <kokakiwi@kokakiwi.net>
hostname,https://github.com/djc/hostname,MIT,The hostname Authors
httlib-hpack,https://github.com/xpepermint/httlib-rs,MIT,Kristijan Sedlak <xpepermint@gmail.com>
httlib-huffman,https://github.com/xpepermint/httlib-rs,MIT,Kristijan Sedlak <xpepermint@gmail.com>
http,https://github.com/hyperium/http,MIT OR Apache-2.0,"Alex Crichton <alex@alexcrichton.com>, Carl Lerche <me@carllerche.com>, Sean McArthur <sean@seanmonstar.com>"
http-body,https://github.com/hyperium/http-body,MIT,"Carl Lerche <me@carllerche.com>, Lucio Franco <luciofranco14@gmail.com>, Sean McArthur <sean@seanmonstar.com>"
http-body-util,https://github.com/hyperium/http-body,MIT,"Carl Lerche <me@carllerche.com>, Lucio Franco <luciofranco14@gmail.com>, Sean McArthur <sean@seanmonstar.com>"
httparse,https://github.com/seanmonstar/httparse,MIT OR Apache-2.0,Sean McArthur <sean@seanmonstar.com>
httpdate,https://github.com/pyfisch/httpdate,MIT OR Apache-2.0,Pyfisch <pyfisch@posteo.org>
hyper,https://github.com/hyperium/hyper,MIT,Sean McArthur <sean@seanmonstar.com>
hyper-named-pipe,https://github.com/fussybeaver/hyper-named-pipe,Apache-2.0,The hyper-named-pipe Authors
hyper-rustls,https://github.com/rustls/hyper-rustls,Apache-2.0 OR ISC OR MIT,The hyper-rustls Authors
hyper-timeout,https://github.com/hjr3/hyper-timeout,MIT OR Apache-2.0,Herman J. Radtke III <herman@hermanradtke.com>
hyper-util,https://github.com/hyperium/hyper-util,MIT,Sean McArthur <sean@seanmonstar.com>
hyperlocal,https://github.com/softprops/hyperlocal,MIT,softprops <d.tangren@gmail.com>
iana-time-zone,https://github.com/strawlab/iana-time-zone,MIT OR Apache-2.0,"Andrew Straw <strawman@astraw.com>, René Kijewski <rene.kijewski@fu-berlin.de>, Ryan Lopopolo <rjl@hyperbo.la>"
iana-time-zone-haiku,https://github.com/strawlab/iana-time-zone,MIT OR Apache-2.0,René Kijewski <crates.io@k6i.de>
icu_collections,https://github.com/unicode-org/icu4x,Unicode-3.0,The ICU4X Project Developers
icu_locale_core,https://github.com/unicode-org/icu4x,Unicode-3.0,The ICU4X Project Developers
icu_normalizer,https://github.com/unicode-org/icu4x,Unicode-3.0,The ICU4X Project Developers
icu_normalizer_data,https://github.com/unicode-org/icu4x,Unicode-3.0,The ICU4X Project Developers
icu_properties,https://github.com/unicode-org/icu4x,Unicode-3.0,The ICU4X Project Developers
icu_properties_data,https://github.com/unicode-org/icu4x,Unicode-3.0,The ICU4X Project Developers
icu_provider,https://github.com/unicode-org/icu4x,Unicode-3.0,The ICU4X Project Developers
id-arena,https://github.com/fitzgen/id-arena,MIT OR Apache-2.0,"Nick Fitzgerald <fitzgen@gmail.com>, Aleksey Kladov <aleksey.kladov@gmail.com>"
idna,https://github.com/servo/rust-url,MIT OR Apache-2.0,The rust-url developers
idna_adapter,https://github.com/hsivonen/idna_adapter,Apache-2.0 OR MIT,The rust-url developers
indexmap,https://github.com/bluss/indexmap,Apache-2.0 OR MIT,The indexmap Authors
indexmap,https://github.com/indexmap-rs/indexmap,Apache-2.0 OR MIT,The indexmap Authors
ipnet,https://github.com/krisprice/ipnet,MIT OR Apache-2.0,Kris Price <kris@krisprice.nz>
is_terminal_polyfill,https://github.com/polyfill-rs/is_terminal_polyfill,MIT OR Apache-2.0,The is_terminal_polyfill Authors
itertools,https://github.com/rust-itertools/itertools,MIT OR Apache-2.0,bluss
itoa,https://github.com/dtolnay/itoa,MIT OR Apache-2.0,David Tolnay <dtolnay@gmail.com>
jiff,https://github.com/BurntSushi/jiff,Unlicense OR MIT,Andrew Gallant <jamslam@gmail.com>
jiff-static,https://github.com/BurntSushi/jiff,Unlicense OR MIT,Andrew Gallant <jamslam@gmail.com>
js-sys,https://github.com/wasm-bindgen/wasm-bindgen/tree/master/crates/js-sys,MIT OR Apache-2.0,The wasm-bindgen Developers
json-patch,https://github.com/idubrov/json-patch,MIT OR Apache-2.0,Ivan Dubrov <dubrov.ivan@gmail.com>
jsonpath-rust,https://github.com/besok/jsonpath-rust,MIT,BorisZhguchev <zhguchev@gmail.com>
jsonptr,https://github.com/chanced/jsonptr,MIT OR Apache-2.0,"chance dinkins, André Sá de Mello <codasm@pm.me>, Oliver Wangler <oliver@wngr.de>"
k8s-openapi,https://github.com/Arnavion/k8s-openapi,Apache-2.0,Arnav Singh <me@arnavion.dev>
kube,https://github.com/kube-rs/kube,Apache-2.0,"clux <sszynrae@gmail.com>, Natalie Klestrup Röijezon <nat@nullable.se>, kazk <kazk.dev@gmail.com>"
kube-client,https://github.com/kube-rs/kube,Apache-2.0,"clux <sszynrae@gmail.com>, Natalie Klestrup Röijezon <nat@nullable.se>, kazk <kazk.dev@gmail.com>"
kube-core,https://github.com/kube-rs/kube,Apache-2.0,"clux <sszynrae@gmail.com>, Natalie Klestrup Röijezon <nat@nullable.se>, kazk <kazk.dev@gmail.com>"
kube-runtime,https://github.com/kube-rs/kube,Apache-2.0,"clux <sszynrae@gmail.com>, Natalie Klestrup Röijezon <nat@nullable.se>, kazk <kazk.dev@gmail.com>"
lazy_static,https://github.com/rust-lang-nursery/lazy-static.rs,MIT OR Apache-2.0,Marvin Löbel <loebel.marvin@gmail.com>
leb128fmt,https://github.com/bluk/leb128fmt,MIT OR Apache-2.0,Bryant Luk <code@bryantluk.com>
libc,https://github.com/rust-lang/libc,MIT OR Apache-2.0,The Rust Project Developers
libredox,https://gitlab.redox-os.org/redox-os/libredox,MIT,4lDO2 <4lDO2@protonmail.com>
libsqlite3-sys,https://github.com/rusqlite/rusqlite,MIT,The rusqlite developers
linux-raw-sys,https://github.com/sunfishcode/linux-raw-sys,Apache-2.0 WITH LLVM-exception OR Apache-2.0 OR MIT,Dan Gohman <dev@sunfishcode.online>
litemap,https://github.com/unicode-org/icu4x,Unicode-3.0,The ICU4X Project Developers
lock_api,https://github.com/Amanieu/parking_lot,MIT OR Apache-2.0,Amanieu d'Antras <amanieu@gmail.com>
log,https://github.com/rust-lang/log,MIT OR Apache-2.0,The Rust Project Developers
lru-slab,https://github.com/Ralith/lru-slab,MIT OR Apache-2.0 OR Zlib,Benjamin Saunders <ben.e.saunders@gmail.com>
lz4_flex,https://github.com/pseitz/lz4_flex,MIT,"Pascal Seitz <pascal.seitz@gmail.com>, Arthur Silva <arthurprs@gmail.com>, ticki <Ticki@users.noreply.github.com>"
matchers,https://github.com/hawkw/matchers,MIT,Eliza Weisman <eliza@buoyant.io>
matchit,https://github.com/ibraheemdev/matchit,MIT AND BSD-3-Clause,Ibraheem Ahmed <ibraheem@ibraheem.ca>
memchr,https://github.com/BurntSushi/memchr,Unlicense OR MIT,"Andrew Gallant <jamslam@gmail.com>, bluss"
memmap2,https://github.com/RazrFalcon/memmap2-rs,MIT OR Apache-2.0,"Dan Burkert <dan@danburkert.com>, Yevhenii Reizner <razrfalcon@gmail.com>, The Contributors"
mime,https://github.com/hyperium/mime,MIT OR Apache-2.0,Sean McArthur <sean@seanmonstar.com>
miniz_oxide,https://github.com/Frommi/miniz_oxide/tree/master/miniz_oxide,MIT OR Zlib OR Apache-2.0,"Frommi <daniil.liferenko@gmail.com>, oyvindln <oyvindln@users.noreply.github.com>, Rich Geldreich richgel99@gmail.com"
mio,https://github.com/tokio-rs/mio,MIT,"Carl Lerche <me@carllerche.com>, Thomas de Zeeuw <thomasdezeeuw@gmail.com>, Tokio Contributors <team@tokio.rs>"
nohash-hasher,https://github.com/paritytech/nohash-hasher,Apache-2.0 OR MIT,Parity Technologies <admin@parity.io>
ntapi,https://github.com/MSxDOS/ntapi,Apache-2.0 OR MIT,MSxDOS <melcodos@gmail.com>
nu-ansi-term,https://github.com/nushell/nu-ansi-term,MIT,"ogham@bsago.me, Ryan Scheel (Havvy) <ryan.havvy@gmail.com>, Josh Triplett <josh@joshtriplett.org>, The Nushell Project Developers"
num-conv,https://github.com/jhpratt/num-conv,MIT OR Apache-2.0,Jacob Pratt <jacob@jhpratt.dev>
num-traits,https://github.com/rust-num/num-traits,MIT OR Apache-2.0,The Rust Project Developers
once_cell,https://github.com/matklad/once_cell,MIT OR Apache-2.0,Aleksey Kladov <aleksey.kladov@gmail.com>
once_cell_polyfill,https://github.com/polyfill-rs/once_cell_polyfill,MIT OR Apache-2.0,The once_cell_polyfill Authors
openssl-probe,https://github.com/rustls/openssl-probe,MIT OR Apache-2.0,Alex Crichton <alex@alexcrichton.com>
opentelemetry,https://github.com/open-telemetry/opentelemetry-rust/tree/main/opentelemetry,Apache-2.0,The opentelemetry Authors
opentelemetry-proto,https://github.com/open-telemetry/opentelemetry-rust/tree/main/opentelemetry-proto,Apache-2.0,The opentelemetry-proto Authors
opentelemetry_sdk,https://github.com/open-telemetry/opentelemetry-rust/tree/main/opentelemetry-sdk,Apache-2.0,The opentelemetry_sdk Authors
option-ext,https://github.com/soc/option-ext,MPL-2.0,Simon Ochsenreither <simon@ochsenreither.de>
ordered-float,https://github.com/reem/rust-ordered-float,MIT,"Jonathan Reem <jonathan.reem@gmail.com>, Matt Brubeck <mbrubeck@limpet.net>"
parking,https://github.com/smol-rs/parking,Apache-2.0 OR MIT,"Stjepan Glavina <stjepang@gmail.com>, The Rust Project Developers"
parking_lot,https://github.com/Amanieu/parking_lot,MIT OR Apache-2.0,Amanieu d'Antras <amanieu@gmail.com>
parking_lot_core,https://github.com/Amanieu/parking_lot,MIT OR Apache-2.0,Amanieu d'Antras <amanieu@gmail.com>
pem,https://github.com/jcreekmore/pem-rs,MIT,Jonathan Creekmore <jonathan@thecreekmores.org>
percent-encoding,https://github.com/servo/rust-url,MIT OR Apache-2.0,The rust-url developers
pest,https://github.com/pest-parser/pest,MIT OR Apache-2.0,Dragoș Tiselice <dragostiselice@gmail.com>
pest_derive,https://github.com/pest-parser/pest,MIT OR Apache-2.0,Dragoș Tiselice <dragostiselice@gmail.com>
pest_generator,https://github.com/pest-parser/pest,MIT OR Apache-2.0,Dragoș Tiselice <dragostiselice@gmail.com>
pest_meta,https://github.com/pest-parser/pest,MIT OR Apache-2.0,Dragoș Tiselice <dragostiselice@gmail.com>
pin-project,https://github.com/taiki-e/pin-project,Apache-2.0 OR MIT,The pin-project Authors
pin-project-internal,https://github.com/taiki-e/pin-project,Apache-2.0 OR MIT,The pin-project-internal Authors
pin-project-lite,https://github.com/taiki-e/pin-project-lite,Apache-2.0 OR MIT,The pin-project-lite Authors
pkcs8,https://github.com/RustCrypto/formats/tree/master/pkcs8,Apache-2.0 OR MIT,RustCrypto Developers
portable-atomic,https://github.com/taiki-e/portable-atomic,Apache-2.0 OR MIT,The portable-atomic Authors
portable-atomic-util,https://github.com/taiki-e/portable-atomic-util,Apache-2.0 OR MIT,The portable-atomic-util Authors
potential_utf,https://github.com/unicode-org/icu4x,Unicode-3.0,The ICU4X Project Developers
powerfmt,https://github.com/jhpratt/powerfmt,MIT OR Apache-2.0,Jacob Pratt <jacob@jhpratt.dev>
ppv-lite86,https://github.com/cryptocorrosion/cryptocorrosion,MIT OR Apache-2.0,The CryptoCorrosion Contributors
prettyplease,https://github.com/dtolnay/prettyplease,MIT OR Apache-2.0,David Tolnay <dtolnay@gmail.com>
proc-macro-error-attr2,https://github.com/GnomedDev/proc-macro-error-2,MIT OR Apache-2.0,"CreepySkeleton <creepy-skeleton@yandex.ru>, GnomedDev <david2005thomas@gmail.com>"
proc-macro-error2,https://github.com/GnomedDev/proc-macro-error-2,MIT OR Apache-2.0,"CreepySkeleton <creepy-skeleton@yandex.ru>, GnomedDev <david2005thomas@gmail.com>"
proc-macro2,https://github.com/dtolnay/proc-macro2,MIT OR Apache-2.0,"David Tolnay <dtolnay@gmail.com>, Alex Crichton <alex@alexcrichton.com>"
proc-macro2-diagnostics,https://github.com/SergioBenitez/proc-macro2-diagnostics,MIT OR Apache-2.0,Sergio Benitez <sb@sergio.bz>
procfs,https://github.com/eminence/procfs,MIT OR Apache-2.0,Andrew Chin <achin@eminence32.net>
procfs-core,https://github.com/eminence/procfs,MIT OR Apache-2.0,Andrew Chin <achin@eminence32.net>
prost,https://github.com/tokio-rs/prost,Apache-2.0,"Dan Burkert <dan@danburkert.com>, Lucio Franco <luciofranco14@gmail.com>, Casper Meijn <casper@meijn.net>, Tokio Contributors <team@tokio.rs>"
prost-derive,https://github.com/tokio-rs/prost,Apache-2.0,"Dan Burkert <dan@danburkert.com>, Lucio Franco <luciofranco14@gmail.com>, Casper Meijn <casper@meijn.net>, Tokio Contributors <team@tokio.rs>"
quick-xml,https://github.com/tafia/quick-xml,MIT,The quick-xml Authors
quinn,https://github.com/quinn-rs/quinn,MIT OR Apache-2.0,The quinn Authors
quinn-proto,https://github.com/quinn-rs/quinn,MIT OR Apache-2.0,The quinn-proto Authors
quinn-udp,https://github.com/quinn-rs/quinn,MIT OR Apache-2.0,The quinn-udp Authors
quote,https://github.com/dtolnay/quote,MIT OR Apache-2.0,David Tolnay <dtolnay@gmail.com>
r-efi,https://github.com/r-efi/r-efi,MIT OR Apache-2.0 OR LGPL-2.1-or-later,The r-efi Authors
rand,https://github.com/rust-random/rand,MIT OR Apache-2.0,"The Rand Project Developers, The Rust Project Developers"
rand_chacha,https://github.com/rust-random/rand,MIT OR Apache-2.0,"The Rand Project Developers, The Rust Project Developers, The CryptoCorrosion Contributors"
rand_core,https://github.com/rust-random/rand,MIT OR Apache-2.0,"The Rand Project Developers, The Rust Project Developers"
rayon,https://github.com/rayon-rs/rayon,MIT OR Apache-2.0,The rayon Authors
rayon-core,https://github.com/rayon-rs/rayon,MIT OR Apache-2.0,The rayon-core Authors
redb,https://github.com/cberner/redb,MIT OR Apache-2.0,Christopher Berner <me@cberner.com>
redox_syscall,https://gitlab.redox-os.org/redox-os/syscall,MIT,Jeremy Soller <jackpot51@gmail.com>
redox_users,https://gitlab.redox-os.org/redox-os/users,MIT,"Jose Narvaez <goyox86@gmail.com>, Wesley Hershberger <mggmugginsmc@gmail.com>"
ref-cast,https://github.com/dtolnay/ref-cast,MIT OR Apache-2.0,David Tolnay <dtolnay@gmail.com>
ref-cast-impl,https://github.com/dtolnay/ref-cast,MIT OR Apache-2.0,David Tolnay <dtolnay@gmail.com>
regex,https://github.com/rust-lang/regex,MIT OR Apache-2.0,"The Rust Project Developers, Andrew Gallant <jamslam@gmail.com>"
regex-automata,https://github.com/rust-lang/regex,MIT OR Apache-2.0,"The Rust Project Developers, Andrew Gallant <jamslam@gmail.com>"
regex-syntax,https://github.com/rust-lang/regex,MIT OR Apache-2.0,"The Rust Project Developers, Andrew Gallant <jamslam@gmail.com>"
reqwest,https://github.com/seanmonstar/reqwest,MIT OR Apache-2.0,Sean McArthur <sean@seanmonstar.com>
ring,https://github.com/briansmith/ring,Apache-2.0 AND ISC,The ring Authors
rsqlite-vfs,https://github.com/Spxg/sqlite-wasm-rs,MIT,The rsqlite-vfs Authors
rusqlite,https://github.com/rusqlite/rusqlite,MIT,The rusqlite developers
rustc-hash,https://github.com/rust-lang/rustc-hash,Apache-2.0 OR MIT,The Rust Project Developers
rustix,https://github.com/bytecodealliance/rustix,Apache-2.0 WITH LLVM-exception OR Apache-2.0 OR MIT,"Dan Gohman <dev@sunfishcode.online>, Jakub Konka <kubkon@jakubkonka.com>"
rustls,https://github.com/rustls/rustls,Apache-2.0 OR ISC OR MIT,The rustls Authors
rustls-native-certs,https://github.com/rustls/rustls-native-certs,Apache-2.0 OR ISC OR MIT,The rustls-native-certs Authors
rustls-pki-types,https://github.com/rustls/pki-types,MIT OR Apache-2.0,The rustls-pki-types Authors
rustls-webpki,https://github.com/rustls/webpki,ISC,The rustls-webpki Authors
ruzstd,https://github.com/KillingSpark/zstd-rs,MIT,Moritz Borcherding <moritz.borcherding@web.de>
ryu,https://github.com/dtolnay/ryu,Apache-2.0 OR BSL-1.0,David Tolnay <dtolnay@gmail.com>
schannel,https://github.com/steffengy/schannel-rs,MIT,"Steven Fackler <sfackler@gmail.com>, Steffen Butzer <steffen.butzer@outlook.com>"
schemars,https://github.com/GREsau/schemars,MIT,Graham Esau <gesau@hotmail.co.uk>
scopeguard,https://github.com/bluss/scopeguard,MIT OR Apache-2.0,bluss
sdjournal,https://github.com/lvillis/sdjournal,MIT,The sdjournal Authors
secrecy,https://github.com/iqlusioninc/crates/tree/main/secrecy,Apache-2.0 OR MIT,Tony Arcieri <tony@iqlusion.io>
security-framework,https://github.com/kornelski/rust-security-framework,MIT OR Apache-2.0,"Steven Fackler <sfackler@gmail.com>, Kornel <kornel@geekhood.net>"
security-framework-sys,https://github.com/kornelski/rust-security-framework,MIT OR Apache-2.0,"Steven Fackler <sfackler@gmail.com>, Kornel <kornel@geekhood.net>"
semver,https://github.com/dtolnay/semver,MIT OR Apache-2.0,David Tolnay <dtolnay@gmail.com>
serde,https://github.com/serde-rs/serde,MIT OR Apache-2.0,"Erick Tryzelaar <erick.tryzelaar@gmail.com>, David Tolnay <dtolnay@gmail.com>"
serde-saphyr,https://github.com/bourumir-wyngs/serde-saphyr,MIT OR Apache-2.0,The serde-saphyr Authors
serde-value,https://github.com/arcnmx/serde-value,MIT,arcnmx
serde_core,https://github.com/serde-rs/serde,MIT OR Apache-2.0,"Erick Tryzelaar <erick.tryzelaar@gmail.com>, David Tolnay <dtolnay@gmail.com>"
serde_derive,https://github.com/serde-rs/serde,MIT OR Apache-2.0,"Erick Tryzelaar <erick.tryzelaar@gmail.com>, David Tolnay <dtolnay@gmail.com>"
serde_json,https://github.com/serde-rs/json,MIT OR Apache-2.0,"Erick Tryzelaar <erick.tryzelaar@gmail.com>, David Tolnay <dtolnay@gmail.com>"
serde_path_to_error,https://github.com/dtolnay/path-to-error,MIT OR Apache-2.0,David Tolnay <dtolnay@gmail.com>
serde_repr,https://github.com/dtolnay/serde-repr,MIT OR Apache-2.0,David Tolnay <dtolnay@gmail.com>
serde_urlencoded,https://github.com/nox/serde_urlencoded,MIT OR Apache-2.0,Anthony Ramine <n.oxyde@gmail.com>
serde_with,https://github.com/jonasbb/serde_with,MIT OR Apache-2.0,"Jonas Bushart, Marcin Kaźmierczak"
sha2,https://github.com/RustCrypto/hashes,MIT OR Apache-2.0,RustCrypto Developers
sharded-slab,https://github.com/hawkw/sharded-slab,MIT,Eliza Weisman <eliza@buoyant.io>
signal-hook-registry,https://github.com/vorner/signal-hook,MIT OR Apache-2.0,"Michal 'vorner' Vaner <vorner@vorner.cz>, Masaki Hara <ackie.h.gmai@gmail.com>"
signature,https://github.com/RustCrypto/traits/tree/master/signature,Apache-2.0 OR MIT,RustCrypto Developers
simd-adler32,https://github.com/mcountryman/simd-adler32,MIT,Marvin Countryman <me@maar.vin>
siphasher,https://github.com/jedisct1/rust-siphash,MIT OR Apache-2.0,Frank Denis <github@pureftpd.org>
slab,https://github.com/tokio-rs/slab,MIT,Carl Lerche <me@carllerche.com>
smallvec,https://github.com/servo/rust-smallvec,MIT OR Apache-2.0,The Servo Project Developers
socket2,https://github.com/rust-lang/socket2,MIT OR Apache-2.0,"Alex Crichton <alex@alexcrichton.com>, Thomas de Zeeuw <thomasdezeeuw@gmail.com>"
spki,https://github.com/RustCrypto/formats/tree/master/spki,Apache-2.0 OR MIT,RustCrypto Developers
sqlite-wasm-rs,https://github.com/Spxg/sqlite-wasm-rs,MIT,Spxg <unsafe@outlook.es>
stable_deref_trait,https://github.com/storyyeller/stable_deref_trait,MIT OR Apache-2.0,Robert Grosse <n210241048576@gmail.com>
strsim,https://github.com/rapidfuzz/strsim-rs,MIT,"Danny Guo <danny@dannyguo.com>, maxbachmann <oss@maxbachmann.de>"
subtle,https://github.com/dalek-cryptography/subtle,BSD-3-Clause,"Isis Lovecruft <isis@patternsinthevoid.net>, Henry de Valence <hdevalence@hdevalence.ca>"
syn,https://github.com/dtolnay/syn,MIT OR Apache-2.0,David Tolnay <dtolnay@gmail.com>
sync_wrapper,https://github.com/Actyx/sync_wrapper,Apache-2.0,Actyx AG <developer@actyx.io>
synstructure,https://github.com/mystor/synstructure,MIT,Nika Layzell <nika@thelayzells.com>
sysinfo,https://github.com/GuillaumeGomez/sysinfo,MIT,Guillaume Gomez <guillaume1.gomez@gmail.com>
thiserror,https://github.com/dtolnay/thiserror,MIT OR Apache-2.0,David Tolnay <dtolnay@gmail.com>
thiserror-impl,https://github.com/dtolnay/thiserror,MIT OR Apache-2.0,David Tolnay <dtolnay@gmail.com>
thread_local,https://github.com/Amanieu/thread_local-rs,MIT OR Apache-2.0,Amanieu d'Antras <amanieu@gmail.com>
tikv-jemalloc-sys,https://github.com/tikv/jemallocator,MIT OR Apache-2.0,"Alex Crichton <alex@alexcrichton.com>, Gonzalo Brito Gadeschi <gonzalobg88@gmail.com>, The TiKV Project Developers"
tikv-jemallocator,https://github.com/tikv/jemallocator,MIT OR Apache-2.0,"Alex Crichton <alex@alexcrichton.com>, Gonzalo Brito Gadeschi <gonzalobg88@gmail.com>, Simon Sapin <simon.sapin@exyr.org>, Steven Fackler <sfackler@gmail.com>, The TiKV Project Developers"
time,https://github.com/time-rs/time,MIT OR Apache-2.0,"Jacob Pratt <open-source@jhpratt.dev>, Time contributors"
time-core,https://github.com/time-rs/time,MIT OR Apache-2.0,"Jacob Pratt <open-source@jhpratt.dev>, Time contributors"
time-macros,https://github.com/time-rs/time,MIT OR Apache-2.0,"Jacob Pratt <open-source@jhpratt.dev>, Time contributors"
tinystr,https://github.com/unicode-org/icu4x,Unicode-3.0,The ICU4X Project Developers
tinyvec,https://github.com/Lokathor/tinyvec,Zlib OR Apache-2.0 OR MIT,Lokathor <zefria@gmail.com>
tinyvec_macros,https://github.com/Soveu/tinyvec_macros,MIT OR Apache-2.0 OR Zlib,Soveu <marx.tomasz@gmail.com>
tokio,https://github.com/tokio-rs/tokio,MIT,Tokio Contributors <team@tokio.rs>
tokio-macros,https://github.com/tokio-rs/tokio,MIT,Tokio Contributors <team@tokio.rs>
tokio-rustls,https://github.com/rustls/tokio-rustls,MIT OR Apache-2.0,The tokio-rustls Authors
tokio-stream,https://github.com/tokio-rs/tokio,MIT,Tokio Contributors <team@tokio.rs>
tokio-util,https://github.com/tokio-rs/tokio,MIT,Tokio Contributors <team@tokio.rs>
tonic,https://github.com/hyperium/tonic,MIT,Lucio Franco <luciofranco14@gmail.com>
tonic-prost,https://github.com/hyperium/tonic,MIT,Lucio Franco <luciofranco14@gmail.com>
tower,https://github.com/tower-rs/tower,MIT,Tower Maintainers <team@tower-rs.com>
tower-http,https://github.com/tower-rs/tower-http,MIT,Tower Maintainers <team@tower-rs.com>
tower-layer,https://github.com/tower-rs/tower,MIT,Tower Maintainers <team@tower-rs.com>
tower-service,https://github.com/tower-rs/tower,MIT,Tower Maintainers <team@tower-rs.com>
tracing,https://github.com/tokio-rs/tracing,MIT,"Eliza Weisman <eliza@buoyant.io>, Tokio Contributors <team@tokio.rs>"
tracing-attributes,https://github.com/tokio-rs/tracing,MIT,"Tokio Contributors <team@tokio.rs>, Eliza Weisman <eliza@buoyant.io>, David Barsky <dbarsky@amazon.com>"
tracing-core,https://github.com/tokio-rs/tracing,MIT,Tokio Contributors <team@tokio.rs>
tracing-log,https://github.com/tokio-rs/tracing,MIT,Tokio Contributors <team@tokio.rs>
tracing-serde,https://github.com/tokio-rs/tracing,MIT,Tokio Contributors <team@tokio.rs>
tracing-subscriber,https://github.com/tokio-rs/tracing,MIT,"Eliza Weisman <eliza@buoyant.io>, David Barsky <me@davidbarsky.com>, Tokio Contributors <team@tokio.rs>"
try-lock,https://github.com/seanmonstar/try-lock,MIT,Sean McArthur <sean@seanmonstar.com>
typenum,https://github.com/paholg/typenum,MIT OR Apache-2.0,The typenum Authors
ucd-trie,https://github.com/BurntSushi/ucd-generate,MIT OR Apache-2.0,Andrew Gallant <jamslam@gmail.com>
unicode-ident,https://github.com/dtolnay/unicode-ident,(MIT OR Apache-2.0) AND Unicode-3.0,David Tolnay <dtolnay@gmail.com>
unicode-width,https://github.com/unicode-rs/unicode-width,MIT OR Apache-2.0,"kwantam <kwantam@gmail.com>, Manish Goregaokar <manishsmail@gmail.com>"
unicode-xid,https://github.com/unicode-rs/unicode-xid,MIT OR Apache-2.0,"erick.tryzelaar <erick.tryzelaar@gmail.com>, kwantam <kwantam@gmail.com>, Manish Goregaokar <manishsmail@gmail.com>"
untrusted,https://github.com/briansmith/untrusted,ISC,Brian Smith <brian@briansmith.org>
url,https://github.com/servo/rust-url,MIT OR Apache-2.0,The rust-url developers
utf8_iter,https://github.com/hsivonen/utf8_iter,Apache-2.0 OR MIT,Henri Sivonen <hsivonen@hsivonen.fi>
utf8parse,https://github.com/alacritty/vte,Apache-2.0 OR MIT,"Joe Wilm <joe@jwilm.com>, Christian Duerr <contact@christianduerr.com>"
uuid,https://github.com/uuid-rs/uuid,Apache-2.0 OR MIT,"Ashley Mannix<ashleymannix@live.com.au>, Dylan DPC<dylan.dpc@gmail.com>, Hunar Roop Kahlon<hunar.roop@gmail.com>"
valuable,https://github.com/tokio-rs/valuable,MIT,The valuable Authors
want,https://github.com/seanmonstar/want,MIT,Sean McArthur <sean@seanmonstar.com>
wasi,https://github.com/bytecodealliance/wasi,Apache-2.0 WITH LLVM-exception OR Apache-2.0 OR MIT,The Cranelift Project Developers
wasip2,https://github.com/bytecodealliance/wasi-rs,Apache-2.0 WITH LLVM-exception OR Apache-2.0 OR MIT,The wasip2 Authors
wasip3,https://github.com/bytecodealliance/wasi-rs,Apache-2.0 WITH LLVM-exception OR Apache-2.0 OR MIT,The wasip3 Authors
wasm-bindgen,https://github.com/wasm-bindgen/wasm-bindgen,MIT OR Apache-2.0,The wasm-bindgen Developers
wasm-bindgen-futures,https://github.com/wasm-bindgen/wasm-bindgen/tree/master/crates/futures,MIT OR Apache-2.0,The wasm-bindgen Developers
wasm-bindgen-macro,https://github.com/wasm-bindgen/wasm-bindgen/tree/master/crates/macro,MIT OR Apache-2.0,The wasm-bindgen Developers
wasm-bindgen-macro-support,https://github.com/wasm-bindgen/wasm-bindgen/tree/master/crates/macro-support,MIT OR Apache-2.0,The wasm-bindgen Developers
wasm-bindgen-shared,https://github.com/wasm-bindgen/wasm-bindgen/tree/master/crates/shared,MIT OR Apache-2.0,The wasm-bindgen Developers
wasm-encoder,https://github.com/bytecodealliance/wasm-tools/tree/main/crates/wasm-encoder,Apache-2.0 WITH LLVM-exception OR Apache-2.0 OR MIT,Nick Fitzgerald <fitzgen@gmail.com>
wasm-metadata,https://github.com/bytecodealliance/wasm-tools/tree/main/crates/wasm-metadata,Apache-2.0 WITH LLVM-exception OR Apache-2.0 OR MIT,The wasm-metadata Authors
wasm-streams,https://github.com/MattiasBuelens/wasm-streams,MIT OR Apache-2.0,Mattias Buelens <mattias@buelens.com>
wasmparser,https://github.com/bytecodealliance/wasm-tools/tree/main/crates/wasmparser,Apache-2.0 WITH LLVM-exception OR Apache-2.0 OR MIT,Yury Delendik <ydelendik@mozilla.com>
web-sys,https://github.com/wasm-bindgen/wasm-bindgen/tree/master/crates/web-sys,MIT OR Apache-2.0,The wasm-bindgen Developers
web-time,https://github.com/daxpedda/web-time,MIT OR Apache-2.0,The web-time Authors
webpki-roots,https://github.com/rustls/webpki-roots,CDLA-Permissive-2.0,The webpki-roots Authors
winapi,https://github.com/retep998/winapi-rs,MIT OR Apache-2.0,Peter Atashian <retep998@gmail.com>
winapi-i686-pc-windows-gnu,https://github.com/retep998/winapi-rs,MIT OR Apache-2.0,Peter Atashian <retep998@gmail.com>
winapi-x86_64-pc-windows-gnu,https://github.com/retep998/winapi-rs,MIT OR Apache-2.0,Peter Atashian <retep998@gmail.com>
windows,https://github.com/microsoft/windows-rs,MIT OR Apache-2.0,Microsoft
windows-core,https://github.com/microsoft/windows-rs,MIT OR Apache-2.0,Microsoft
windows-core,https://github.com/microsoft/windows-rs,MIT OR Apache-2.0,The windows-core Authors
windows-implement,https://github.com/microsoft/windows-rs,MIT OR Apache-2.0,Microsoft
windows-implement,https://github.com/microsoft/windows-rs,MIT OR Apache-2.0,The windows-implement Authors
windows-interface,https://github.com/microsoft/windows-rs,MIT OR Apache-2.0,Microsoft
windows-interface,https://github.com/microsoft/windows-rs,MIT OR Apache-2.0,The windows-interface Authors
windows-link,https://github.com/microsoft/windows-rs,MIT OR Apache-2.0,The windows-link Authors
windows-result,https://github.com/microsoft/windows-rs,MIT OR Apache-2.0,Microsoft
windows-result,https://github.com/microsoft/windows-rs,MIT OR Apache-2.0,The windows-result Authors
windows-strings,https://github.com/microsoft/windows-rs,MIT OR Apache-2.0,The windows-strings Authors
windows-sys,https://github.com/microsoft/windows-rs,MIT OR Apache-2.0,Microsoft
windows-sys,https://github.com/microsoft/windows-rs,MIT OR Apache-2.0,The windows-sys Authors
windows-targets,https://github.com/microsoft/windows-rs,MIT OR Apache-2.0,Microsoft
windows-targets,https://github.com/microsoft/windows-rs,MIT OR Apache-2.0,The windows-targets Authors
windows_aarch64_gnullvm,https://github.com/microsoft/windows-rs,MIT OR Apache-2.0,Microsoft
windows_aarch64_gnullvm,https://github.com/microsoft/windows-rs,MIT OR Apache-2.0,The windows_aarch64_gnullvm Authors
windows_aarch64_msvc,https://github.com/microsoft/windows-rs,MIT OR Apache-2.0,Microsoft
windows_aarch64_msvc,https://github.com/microsoft/windows-rs,MIT OR Apache-2.0,The windows_aarch64_msvc Authors
windows_i686_gnu,https://github.com/microsoft/windows-rs,MIT OR Apache-2.0,Microsoft
windows_i686_gnu,https://github.com/microsoft/windows-rs,MIT OR Apache-2.0,The windows_i686_gnu Authors
windows_i686_gnullvm,https://github.com/microsoft/windows-rs,MIT OR Apache-2.0,Microsoft
windows_i686_gnullvm,https://github.com/microsoft/windows-rs,MIT OR Apache-2.0,The windows_i686_gnullvm Authors
windows_i686_msvc,https://github.com/microsoft/windows-rs,MIT OR Apache-2.0,Microsoft
windows_i686_msvc,https://github.com/microsoft/windows-rs,MIT OR Apache-2.0,The windows_i686_msvc Authors
windows_x86_64_gnu,https://github.com/microsoft/windows-rs,MIT OR Apache-2.0,Microsoft
windows_x86_64_gnu,https://github.com/microsoft/windows-rs,MIT OR Apache-2.0,The windows_x86_64_gnu Authors
windows_x86_64_gnullvm,https://github.com/microsoft/windows-rs,MIT OR Apache-2.0,Microsoft
windows_x86_64_gnullvm,https://github.com/microsoft/windows-rs,MIT OR Apache-2.0,The windows_x86_64_gnullvm Authors
windows_x86_64_msvc,https://github.com/microsoft/windows-rs,MIT OR Apache-2.0,Microsoft
windows_x86_64_msvc,https://github.com/microsoft/windows-rs,MIT OR Apache-2.0,The windows_x86_64_msvc Authors
wit-bindgen,https://github.com/bytecodealliance/wit-bindgen,Apache-2.0 WITH LLVM-exception OR Apache-2.0 OR MIT,Alex Crichton <alex@alexcrichton.com>
wit-bindgen-core,https://github.com/bytecodealliance/wit-bindgen,Apache-2.0 WITH LLVM-exception OR Apache-2.0 OR MIT,Alex Crichton <alex@alexcrichton.com>
wit-bindgen-rust,https://github.com/bytecodealliance/wit-bindgen,Apache-2.0 WITH LLVM-exception OR Apache-2.0 OR MIT,Alex Crichton <alex@alexcrichton.com>
wit-bindgen-rust-macro,https://github.com/bytecodealliance/wit-bindgen,Apache-2.0 WITH LLVM-exception OR Apache-2.0 OR MIT,Alex Crichton <alex@alexcrichton.com>
wit-component,https://github.com/bytecodealliance/wasm-tools/tree/main/crates/wit-component,Apache-2.0 WITH LLVM-exception OR Apache-2.0 OR MIT,Peter Huene <peter@huene.dev>
wit-parser,https://github.com/bytecodealliance/wasm-tools/tree/main/crates/wit-parser,Apache-2.0 WITH LLVM-exception OR Apache-2.0 OR MIT,Alex Crichton <alex@alexcrichton.com>
writeable,https://github.com/unicode-org/icu4x,Unicode-3.0,The ICU4X Project Developers
yoke,https://github.com/unicode-org/icu4x,Unicode-3.0,Manish Goregaokar <manishsmail@gmail.com>
yoke-derive,https://github.com/unicode-org/icu4x,Unicode-3.0,Manish Goregaokar <manishsmail@gmail.com>
zerocopy,https://github.com/google/zerocopy,BSD-2-Clause OR Apache-2.0 OR MIT,"Joshua Liebow-Feeser <joshlf@google.com>, Jack Wrenn <jswrenn@amazon.com>"
zerocopy-derive,https://github.com/google/zerocopy,BSD-2-Clause OR Apache-2.0 OR MIT,"Joshua Liebow-Feeser <joshlf@google.com>, Jack Wrenn <jswrenn@amazon.com>"
zerofrom,https://github.com/unicode-org/icu4x,Unicode-3.0,The ICU4X Project Developers
zerofrom-derive,https://github.com/unicode-org/icu4x,Unicode-3.0,Manish Goregaokar <manishsmail@gmail.com>
zeroize,https://github.com/RustCrypto/utils,Apache-2.0 OR MIT,The RustCrypto Project Developers
zerotrie,https://github.com/unicode-org/icu4x,Unicode-3.0,The ICU4X Project Developers
zerovec,https://github.com/unicode-org/icu4x,Unicode-3.0,The ICU4X Project Developers
zerovec-derive,https://github.com/unicode-org/icu4x,Unicode-3.0,Manish Goregaokar <manishsmail@gmail.com>
zmij,https://github.com/dtolnay/zmij,MIT,David Tolnay <dtolnay@gmail.com>
